t,vx,vy,s,ds
0,2.0761355095907015,0.5198288131504378,0.9999999996714638,1.1198040272830667e-09
1,1.981380684957291,0.6914626751635616,0.9848986446248091,-0.015101355046654663
2,1.8920168739625067,0.8457869675714944,0.957783025118323,-0.02711561950648611
3,1.8085119769908504,0.9826461947793147,0.9318746476126971,-0.025908377505625912
4,1.7303625349415752,1.1037367602832335,0.9070931110087127,-0.02478153660398441
5,1.657118367909006,1.2105709476951796,0.8833650337618605,-0.02372807724685222
6,1.5883759115536493,1.304500044971382,0.8606232963841259,-0.02274173737773455
7,1.5237725107664122,1.3867341446951253,0.8388063795598424,-0.02181691682428355
8,1.4629815159868023,1.4583591575526045,0.817857784740383,-0.020948594819459432
9,1.4057080551386563,1.520351480149418,0.7977255254329697,-0.020132259307413247
10,1.35168537641008,1.5735906809854912,0.7783616792552291,-0.019363846177740562
11,1.3006716751031036,1.6188705058959298,0.7597219923892906,-0.018639686865938532
12,1.2524473323952645,1.6569084535040233,0.7417655293626947,-0.017956463026595926
13,1.2068125057779062,1.6883541298294396,0.7244543621557733,-0.017311167206921385
14,1.1635850207022707,1.7137965572808533,0.7077532935272425,-0.016701068628530824
15,1.1225985209970644,1.733770585369848,0.6916296101945342,-0.016123683332708305
16,1.0837008422536296,1.7487625274531802,0.6760528621294203,-0.015576748065113888
17,1.046752577871774,1.759215128724272,0.6609946647541493,-0.015058197375271032
18,1.0116258120315287,1.7655319547998296,0.6464285212658584,-0.014566143488290884
19,0.9782029976723489,1.76808127699765,0.6323296626914885,-0.014098858574369877
20,0.9463759607571571,1.7671995193060406,0.6186749035932088,-0.013654759098279734
21,0.9160450147836108,1.7631943227236695,0.6054425116147657,-0.013232391978443059
22,0.8871181717676958,1.7563472747932447,0.5926120892898898,-0.012830422324875856
23,0.8595104378373192,1.7469163455127763,0.5801644667311633,-0.012447622558726557
24,0.8331431831948412,1.735138065179962,0.568081603986809,-0.012082862744354328
25,0.8079435775856423,1.7212294749410935,0.5563465019979842,-0.01173510198882477
26,0.783844083584484,1.705389876738288,0.544943121213904,-0.011403380784080208
27,0.7607820010152336,1.6878024058643883,0.5338563070294484,-0.011086814184455562
28,0.7386990566795144,1.668635446349805,0.5230717213022938,-0.010784585727154572
29,0.7175410343084134,1.6480439068420332,0.5125757792860662,-0.01049594201622761
30,0.6972574402871751,1.6261703724318828,0.5023555913842721,-0.010220187901794131
31,0.6778012012514062,1.6031461459765508,0.4923989091882,-0.009956682196072097
32,0.6591283901277283,1.579092190823333,0.4826940753117678,-0.009704833876432228
33,0.6411979776029736,1.5541199854111305,0.47322997657834087,-0.009464098733426907
34,0.6239716063631233,1.5283322989879646,0.46399600014961473,-0.009233976428726143
35,0.6074133857539944,1.5018238966046338,0.454981992215304,-0.00901400793431073
36,0.5914897047867506,1.4746821806046246,0.44617821888501935,-0.008803773330284648
37,0.5761690616482116,1.4469877750091256,0.4375753289405932,-0.00860288994442615
38,0.5614219080833929,1.4188150584771428,0.4291643181183374,-0.008411010822255816
39,0.5472205071997533,1.3902326508902478,0.42093649459621213,-0.008227823522125255
40,0.5335388034027161,1.3613038580575354,0.41288344536042215,-0.008053049235789977
41,0.5203523033131006,1.3320870785486933,0.4049970031191018,-0.007886442241320346
42,0.507637966641711,1.3026361762329253,0.3972692134168366,-0.007727789702265231
43,0.495374106106651,1.2730008217212974,0.3896923015818628,-0.007576911834973776
44,0.48354029557688416,1.2432268055733737,0.3822586391066229,-0.0074336624752399105
45,0.4721172857127823,1.213356325830117,0.37496070902022316,-0.007297930086399729
46,0.46108692645234695,1.1834282521690587,0.36779106975602943,-0.007169639264193728
47,0.450432095761743,1.153478368740364,0.3607423169462314,-0.007048752809798053
48,0.440136634131879,1.123539597529855,0.3538070424838872,-0.006935274462344154
49,0.43018528436005565,1.093642203903893,0.3469777900767652,-0.006829252407122011
50,0.4205636362081311,1.0638139858182274,0.3402470063696896,-0.006730783707075638
51,0.41125807557712496,1.0340804480156456,0.33360698652447324,-0.006640019845216338
52,0.4022557378835965,1.00446496239285,0.32704981290748814,-0.006557173616985101
53,0.39354446536636567,0.9749889155828243,0.32056728522930406,-0.00648252767818408
54,0.3851127680941561,0.945671844672368,0.3141508400882486,-0.006416445141055438
55,0.3769497884865621,0.9165315618526467,0.307791457362653,-0.006359382725595608
56,0.36904526920357716,0.8875842686802821,0.30147955023742595,-0.0063119071252270564
57,0.36138952430421817,0.8588446605039233,0.29520483478779624,-0.006274715449629709
58,0.3539734136243243,0.8303260214816505,0.28895617390494643,-0.00624866088284981
59,0.34678832037971796,0.802040310471832,0.28272138883435893,-0.006234785070587501
60,0.3398261320666313,0.7739982379159864,0.27648702956565985,-0.006234359268699086
61,0.3330792248107216,0.7462093336354347,0.2702380925585371,-0.006248937007122757
62,0.3265404514147784,0.7186820052180436,0.2639576705168574,-0.0062804220416796674
63,0.3202031334812504,0.6914235863540416,0.2576265136971618,-0.006331156819695649
64,0.3140610581502087,0.664440374056717,0.2512224749092732,-0.0064040387878885885
65,0.3081084802125347,0.6377376531239023,0.24471979995330975,-0.006502674955963433
66,0.3023401306557452,0.6113197053819335,0.23808821022689403,-0.006631589726415726
67,0.296751233111446,0.5851898000848784,0.23129170225997006,-0.006796507966923965
68,0.2913375302528117,0.5593501601277804,0.2242869562086773,-0.007004746051292754
69,0.2860953230210927,0.5338018961658652,0.21702119569121736,-0.007265760517459946
70,0.2810215267735386,0.508544896804108,0.209429264470052,-0.00759193122116536
71,0.2761137502537105,0.4835776568736987,0.20142956371851353,-0.007999700751538469
72,0.2713704060401731,0.4588970159498787,0.19291829583723138,-0.008511267881282147
73,0.2667908654277686,0.4344977630148006,0.18376113040340428,-0.009157165433827108
74,0.2623756775818122,0.41037203557991697,0.17378083816769724,-0.009980292235707039
75,0.258126884171514,0.3865083931474154,0.16273842078424675,-0.011042417383450492
76,0.2540484800942229,0.3628903565583856,0.15030336738276892,-0.012435053401477825
77,0.2501471053430949,0.33949403648019344,0.13600496366499465,-0.014298403717774272
78,0.246433117011903,0.31628413690801294,0.11914892223955269,-0.01685604142544196
79,0.24292231559763092,0.29320690141114986,0.09866668621585532,-0.020482236023697364
80,0.2396388608080498,0.2701769271782986,0.07282421735472706,-0.02584246886112826
81,0.23662050029496381,0.24705066840295237,0.03860955487147626,-0.03421466248325081
82,0.23392869494556776,0.22356799828961907,-1.5942402893876e-05,-0.03862549727437013
83,0.23158940799611208,0.19949663830889133,-1.8034456880003333e-05,-2.0920539861273323e-06
84,0.22927351391615095,0.1759067055235987,-2.1334719521771092e-05,-3.300262641767759e-06
85,0.22698077877698944,0.15278857138637222,-2.7722509825890794e-05,-6.3877903041197015e-06
86,0.22471097098921955,0.1301327999134644,-5.084443279404419e-05,-2.3121922968153397e-05
87,0.22246386127932732,0.10793014376319883,-0.9999999981698721,-0.999949153737078
88,0.22023922266653406,0.0273715411031579,-0.9999999975655299,6.043421318935316e-10
89,0.21803683046270012,-0.05157588940749958,-0.9623661331005294,0.0376338644650005
90,0.21669309557052596,-0.12368170492326734,-0.7762384581175482,0.18612767498298122
91,0.2208946677486437,-0.16923314539565618,-0.6274640782863753,0.14877437983117292
92,0.2301842634909942,-0.19595159311589572,-0.524336744296102,0.1031273339902733
93,0.24289940758152656,-0.21128138772319274,-0.46255099292791196,0.061785751368190034
94,0.2575676864179126,-0.2204311398094017,-0.4305795655851916,0.03197142734272035
95,0.27325012028978735,-0.22644209159744427,-0.41666395710227566,0.013915608482915953
96,0.28943049223189965,-0.23091941252801268,-0.4124313846754481,0.004232572426827563
97,0.3058448749604678,-0.2346654941894611,-0.41300744918873394,-0.0005760645132858455
98,0.32236300105778926,-0.23806996812192124,-0.4158554683830274,-0.0028480191942934496
99,0.3389215471703031,-0.24131901855621218,-0.419731741210827,-0.0038762728277996206
100,0.35548979095139116,-0.24450074729473095,-0.42404553149946755,-0.00431379028864054
101,0.3720526507893355,-0.2476565559436397,-0.42852145072877257,-0.004475919229305014
102,0.38860248462268593,-0.2508057847253826,-0.43303297799884843,-0.004511527270075866
103,0.40513517071025795,-0.2539574111960099,-0.4375229798580036,-0.004490001859155157
104,0.4216482487084592,-0.2571155681578025,-0.44196638995036003,-0.004443410092356437
105,0.43814004284748775,-0.2602821329100897,-0.446352851358386,-0.0043864614080259545
106,0.4546092502639811,-0.26345793679143026,-0.45067869560413976,-0.004325844245753774
107,0.4710547485350733,-0.266643327819338,-0.4549432558352687,-0.004264560231128922
108,0.4874755060470792,-0.26983843132759183,-0.45914718115165293,-0.004203925316384249
109,0.5038705404022327,-0.27304327020242486,-0.4632916706679729,-0.00414448951631996
110,0.5202388991718829,-0.27625782011599515,-0.4673781284442776,-0.0040864577763047305
111,0.5365796510012142,-0.2794820347903895,-0.47140801011734484,-0.004029881673067226
112,0.5528918814887575,-0.2827158575026981,-0.4753827563861077,-0.003974746268762874
113,0.5691746912589137,-0.28595922630062093,-0.4793037655815959,-0.0039210091954881565
114,0.5854271950373813,-0.2892120763557125,-0.48317238365315573,-0.0038686180715598595
115,0.6016485211832906,-0.29247434101983844,-0.4869899017912747,-0.0038175181381189804
116,0.6178378114284891,-0.29574595229686257,-0.49075755729964904,-0.0037676555083743235
117,0.6339942207104785,-0.2990268410519161,-0.4944765357644758,-0.003718978464826772
118,0.6501169170476148,-0.30231693710352525,-0.4981479736628166,-0.0036714378983407903
119,0.6662050814334235,-0.3056161692637444,-0.5017729610411368,-0.003624987378320177
120,0.6822579077396447,-0.3089244653553843,-0.5053525441116726,-0.0035795830705358522
121,0.6982746026233737,-0.3122417522192498,-0.5088877277096043,-0.0035351835979317014
122,0.7142543854362369,-0.31556795571709934,-0.512379477594953,-0.003491749885348616
123,0.7301964881346918,-0.3189030007328366,-0.5158287226003311,-0.003449245005378132
124,0.7461001551910476,-0.3222468111730338,-0.519236356632405,-0.003407634032073892
125,0.7619646435050242,-0.32559930996726943,-0.5226032405370254,-0.003366883904620477
126,0.7777892223157735,-0.32896041906848683,-0.5259302038383632,-0.0033269633013377486
127,0.7935731731143216,-0.3323300594534633,-0.5292180463620846,-0.003287842523721385
128,0.8093157895564131,-0.3357081511234402,-0.5324675397514707,-0.003249493389386071
129,0.8250163773757491,-0.3390946131049181,-0.5356794288852028,-0.00321188913373216
130,0.840674254297607,-0.3424893634506363,-0.5388544332043927,-0.0031750043191899335
131,0.8562887499528382,-0.3458923192407462,-0.5419932479557534,-0.0031388147513606857
132,0.8718592057922369,-0.3493033965841696,-0.5450965453574618,-0.003103297401708338
133,0.8873849750012762,-0.35272251062015453,-0.5481649756934656,-0.0030684303360037912
134,0.902865422415203,-0.3561495755200317,-0.5511991683414598,-0.003034192647994205
135,0.9182999244344904,-0.3595845044891649,-0.5541997327395723,-0.003000564398112582
136,0.933687868940637,-0.3630272097691132,-0.5571672592959753,-0.0029675265564029774
137,0.9490286552123133,-0.3664776026399928,-0.5601023202456149,-0.0029350609496395785
138,0.9643216938418451,-0.36993559342304805,-0.5630054704578011,-0.002903150212186234
139,0.9795664066520312,-0.3734010914834368,-0.5658772481979335,-0.002871777740132364
140,0.9947622266132904,-0.3768740052332232,-0.5687181758466631,-0.002840927648729563
141,1.0099085977611302,-0.3803542421345883,-0.5715287605793296,-0.002810584732666488
142,1.0250049751139305,-0.38384170870326306,-0.5743094950081827,-0.002780734428853182
143,1.040050824591047,-0.3873363105121708,-0.5770608577901626,-0.002751362781979849
144,1.055045622931211,-0.39083795219530376,-0.5797833142020951,-0.0027224564119324723
145,1.0699888576112393,-0.39434653745181153,-0.5824773166858103,-0.0026940024837152077
146,1.084880026765034,-0.39786196905032806,-0.5851433053647145,-0.0026659886789042186
147,1.0997186391028775,-0.4013841488335156,-0.5877817085339642,-0.002638403169249681
148,1.1145042138310086,-0.40491297772284784,-0.5903929431255757,-0.0026112345916115
149,1.1292362805714835,-0.40844835572361615,-0.5929774151503119,-0.0025844720247362174
150,1.1439143792823054,-0.411990181930179,-0.5955355201174862,-0.002558104967174346
151,1.1585380601778301,-0.4155383545314393,-0.5980676434342066,-0.0025321233167203694
152,1.1731068836494312,-0.41909277081656154,-0.6005741607851988,-0.0025065173509921657
153,1.1876204201864267,-0.42265332718092724,-0.6030554384943978,-0.002481277709199037
154,1.2020782502972593,-0.4262199191323321,-0.6055118338692927,-0.0024563953748949485
155,1.2164799644309234,-0.42979244129742106,-0.6079436955291272,-0.0024318616598344445
156,1.2308251628986417,-0.4333707874283691,-0.610351363717797,-0.002407668188669776
157,1.2451134557957722,-0.43695485040980525,-0.6127351706023066,-0.002383806884509676
158,1.259344462923958,-0.4405445222659783,-0.6150954405577107,-0.0023602699554040596
159,1.2735178137134995,-0.4441396941681756,-0.6174324904390869,-0.002337049881376174
160,1.2876331471459521,-0.4477402564423835,-0.6197466298414239,-0.0023141394023370454
161,1.3016901116769461,-0.451346098577196,-0.6220381613480215,-0.002291531506597555
162,1.3156883651592184,-0.45495710923197535,-0.6243073807679548,-0.0022692194199332993
163,1.3296275747658541,-0.4585731762452558,-0.626554577363359,-0.0022471965954041773
164,1.343507416913735,-0.46219418664340656,-0.6287800340668157,-0.002225456703456752
165,1.3573275771871867,-0.46582002664953664,-0.6309840276896009,-0.0022039936227852275
166,1.3710877502618228,-0.4694505816926544,-0.6331668291210916,-0.002182801431490633
167,1.3847876398285848,-0.47308573641707347,-0.6353287035199955,-0.002161874398903918
168,1.3984269585179576,-0.4767253746920851,-0.6374699104973748,-0.0021412069773792952
169,1.4120054278243865,-0.48036937962185344,-0.63959070429259,-0.0021207937952152367
170,1.425522778030855,-0.48401763355559313,-0.6416913339417102,-0.002100629649120167
171,1.4389787481336507,-0.487670018097972,-0.6437720434395009,-0.0020807094977907115
172,1.4523730857672923,-0.49132641411978956,-0.6458330718945627,-0.002061028455061842
173,1.4657055471296345,-0.4949867017688729,-0.6478746536788053,-0.002041581784242519
174,1.4789758969071256,-0.4986507604812565,-0.6498970185706843,-0.002022364891879014
175,1.4921839082002308,-0.5023184689925894,-0.651900391893059,-0.0020033733223747685
176,1.5053293624490103,-0.5059897053497947,-0.6538849946457707,-0.0019846027527116172
177,1.5184120493588484,-0.5096643469229841,-0.6558510436329869,-0.0019660489872161957
178,1.531431766826336,-0.5133422704176007,-0.6577987515861301,-0.0019477079531432517
179,1.5443883208652853,-0.5170233518868462,-0.6597283272821762,-0.0019295756960461263
180,1.5572815255328696,-0.520707466744388,-0.6616399754448584,-0.001911648162682189
181,1.570111202869265,-0.5243944897460825,-0.663533906065073,-0.00189393062021459
182,1.582877182251324,-0.528084296335569,-0.6654101262884514,-0.0018762202233784109
183,1.5955793131514044,-0.5317767329421542,-0.6672715448341119,-0.0018614185456604648
184,1.6082172756985094,-0.5354720535078155,-0.6690902061347793,-0.0018186613006674346
185,1.620792616237046,-0.5391662483360381,-0.6710906118309249,-0.0020004056961455685
186,1.633291894406628,-0.542889541938736,-0.6718518155621137,-0.0007612037311888198
187,1.6457977869376175,-0.5464537250465352,-0.6786961497389469,-0.006844334176833167
188,1.6578906574581627,-0.5508068753406036,-0.6606302724572074,0.018065877281739473
189,1.6712890747547637,-0.552081268618786,-0.7273862713986925,-0.0667559989414851
190,1.679911551876972,-0.5638841203890841,-0.5589307557765524,0.16845551562214012
191,1.7000323650210882,-0.5499679911804051,-0.9294709808331157,-0.37054022505656337
192,1.6905714380013368,-0.6010744199233522,-0.00018827741921097617,0.9292827034139047
193,1.7290034526643818,-0.5477876424058705,-0.9794413305623687,-0.9792530531431577
194,1.7139808575502715,-0.6103451135033142,-0.0001273449706259199,0.9793139855917428
195,1.75300479776383,-0.555964391969851,-0.9788889005595838,-0.9787615555889578
196,1.7378326621337372,-0.6181952057875395,-0.00010532978115859528,0.9787835707784251
197,1.7773175277765316,-0.5628881727855712,-0.9966836002132599,-0.9965782704321012
198,1.7599234236991006,-0.6292241116512818,-9.147744873167682e-05,0.9965921227645281
199,1.8001700573709238,-0.5726156674516617,-0.9999999563963816,-0.9999084789476499
200,1.7821683618681456,-0.639563343397388,-9.020547100430122e-05,0.9999097509253773
201,1.8231137717114918,-0.5817348698330419,-0.9999999853428209,-0.9999097798718165
202,1.8048826357227685,-0.6485001688116601,-9.799762939106215e-05,0.9999019877134298
203,1.8463971738859892,-0.5896171500292425,-0.999999992106899,-0.9999019944775079
204,1.8279332030889797,-0.6562248050644992,-0.00011630393185057534,0.9998836881750485
205,1.8699055004466532,-0.5964302796791175,-0.9999999946863863,-0.9998836907545358
206,1.8512064460826891,-0.6629016727561735,-0.00015236363256761976,0.9998476310538187
207,1.8935409193760102,-0.602319278153093,-0.9999999958740534,-0.9998476322414858
208,1.874605510683921,-0.6686728915530381,-0.0002101866425740143,0.9997898092314794
209,1.917220207739814,-0.6074094956693008,-0.9999999964080281,-0.9997898097654541
210,1.8980480061024194,-0.6736613048495443,-0.19241007154265793,0.8075899248653702
211,1.938775208313245,-0.6162932016275324,-0.9999999969501838,-0.8075899254075258
212,1.919387456608532,-0.6823673368201043,-0.000422090769403599,0.9995779061807802
213,1.9627745015561355,-0.6194880127666836,-0.9999999971041178,-0.9995779063347142
214,1.9431467569015421,-0.6854982517737698,-0.00017533642821317125,0.9998246606759046
215,1.9865751817974486,-0.6222494618168591,-0.9999999967717292,-0.999824660343516
216,1.9667094303834627,-0.6882044717565352,-0.40011081192809156,0.5998891848436376
217,2.0007604215810484,-0.6443697305507867,-0.9999999974749656,-0.599889185546874
218,1.9807528176911762,-0.7098823352843314,-0.00015775943840991635,0.9998422380365557
219,2.025977804102637,-0.6437562228180185,-0.9999999977744565,-0.9998422383360466
220,2.0057180263486467,-0.709281097784227,-0.00016262744291122537,0.9998373703315453
221,2.0506397903206035,-0.6432259315354576,-0.9999999975863183,-0.9998373701434071
222,2.0301333927284695,-0.7087614122787546,-8.690496881265789e-05,0.9999130926175056
223,2.0747647001852076,-0.6427675665688996,-0.9999999963770301,-0.9999130914082174
224,2.0540170536499835,-0.7083122142982214,-5.4212282797467656e-05,0.9999457840942326
225,2.098369501232458,-0.6423713733763118,-0.9832010175169021,-0.9831468052341047
226,2.0795241843288403,-0.7036130033485118,-0.9999999923215882,-0.016798974804686062
227,2.0587289435577643,-0.7679407411992473,-4.577173216986297e-05,0.9999542205894183
228,2.108347174027164,-0.6949637340103644,-0.9999999972956007,-0.9999542255634308
229,2.087263702660366,-0.7594644586013407,-5.851371393838123e-05,0.9999414835816623
230,2.135841348675668,-0.6874876529290931,-0.9999999978374255,-0.9999414841234872
231,2.1144829354846784,-0.7521378992908816,-6.135062692775438e-05,0.9999386472104977
232,2.1621355927178345,-0.6810256276585347,-0.9999999974624885,-0.9999386468355607
233,2.14051423713478,-0.7458051144284549,-4.916233921892539e-05,0.9999508351232695
234,2.187342330307023,-0.6754401112351698,-0.8895584349322292,-0.8895092725930103
235,2.1792826708695454,-0.7128669946231831,-0.9999999914425163,-0.11044155651028709
236,2.157489845369927,-0.7770096523945098,-3.645533169709124e-05,0.9999635361108192
237,2.206928506857317,-0.702962513586071,-3.394070329031188e-05,2.5146284067793545e-06
238,2.249275181681225,-0.6376529371254751,-2.6098060393016888e-05,7.842642897294995e-06
239,2.2853793065260315,-0.5800498906245923,-1.9717412066660637e-05,6.380648326356251e-06
240,2.3159899586967225,-0.5292440035743089,-1.5417385582159224e-05,4.300026484501413e-06
241,2.3417676998178716,-0.4844332111778971,-1.2492191832755722e-05,2.9251937494035024e-06
242,2.3632950219294693,-0.4449100922748629,-1.0415078653146214e-05,2.0771131796095076e-06
243,2.3810855609279566,-0.4100507013970975,-8.876158226252942e-06,1.5389204268932716e-06
244,2.3955922228105653,-0.3793047186397165,-7.694032682178166e-06,1.1821255440747765e-06
245,2.407214351011473,-0.3521867618456667,-6.758572154251956e-06,9.354605279262096e-07
246,2.41630404798054,-0.32826872395194956,-6.000024415352175e-06,7.585477388997817e-07
247,2.423171750803932,-0.3071730145287419,-5.372425204296853e-06,6.275992110553218e-07
248,2.42809114888972,-0.2885665988167921,-4.844403329278205e-06,5.28021875018648e-07
249,2.4313035213548817,-0.27215574015835137,-4.393880976022152e-06,4.5052235325605324e-07
250,2.4330215625890452,-0.2576813628212296,0.19580591300056643,0.19581030688154247
251,2.415702382590641,-0.18823627524944958,0.48716687935359365,0.2913609663530272
252,2.364720509559653,-0.05377435396829578,0.7771709637903721,0.29000408443677844
253,2.279456136533962,0.12698836935258606,0.9999999990702337,0.22282903527986164
254,2.1754217585380866,0.3319835795758424,0.9999999985516598,-5.185739615498619e-10
